id,name,model_id:id,group_id:id,perm_read,perm_write,perm_create,perm_unlink
access_internship_agreement_sys,internship.agreement sys,model_internship_agreement,base.group_system,1,1,1,1
access_internship_agreement_plat,internship.agreement plat,model_internship_agreement,internship_base.group_platform_administrator,1,1,1,1
access_internship_agreement_uadm,internship.agreement uadm,model_internship_agreement,internship_base.group_university_administrator,1,1,1,0
access_internship_agreement_ustaff,internship.agreement ustaff,model_internship_agreement,internship_base.group_university_staff,1,1,1,0
access_internship_agreement_cm,internship.agreement cm,model_internship_agreement,internship_base.group_company_manager,1,0,0,0
access_internship_agreement_lm,internship.agreement lm,model_internship_agreement,internship_base.group_line_manager,1,0,0,0
access_internship_agreement_stu,internship.agreement stu,model_internship_agreement,internship_base.group_student,1,0,0,0
access_internship_agreement_signer_sys,internship.agreement.signer sys,model_internship_agreement_signer,base.group_system,1,1,1,1
access_internship_agreement_signer_plat,internship.agreement.signer plat,model_internship_agreement_signer,internship_base.group_platform_administrator,1,1,1,1
access_internship_agreement_signer_uadm,internship.agreement.signer uadm,model_internship_agreement_signer,internship_base.group_university_administrator,1,1,1,0
access_internship_agreement_signer_ustaff,internship.agreement.signer ustaff,model_internship_agreement_signer,internship_base.group_university_staff,1,1,1,0
access_internship_agreement_signer_cm,internship.agreement.signer cm,model_internship_agreement_signer,internship_base.group_company_manager,1,0,0,0
access_internship_agreement_signer_lm,internship.agreement.signer lm,model_internship_agreement_signer,internship_base.group_line_manager,1,0,0,0
access_internship_agreement_signer_stu,internship.agreement.signer stu,model_internship_agreement_signer,internship_base.group_student,1,0,0,0
